experiment,strategy,scenario,seed,rep_id,total_boarding_time_s,aisle_interference_events,seat_interference_events,mean_wait_time_s,max_wait_time_s
exp1_baseline,random,baseline,12345,0,1153,882,84,24.944444444444443,83
exp1_baseline,back_to_front,baseline,12345,0,1562,1748,94,90.53888888888889,236
exp1_baseline,outside_in,baseline,12345,0,1038,1034,0,23.566666666666666,79
exp1_baseline,steffen,baseline,12345,0,660,1200,0,10.733333333333333,51
exp1_baseline,random,baseline,12346,1,1228,1210,90,33.233333333333334,140
exp1_baseline,back_to_front,baseline,12346,1,1607,1783,92,92.86111111111111,230
exp1_baseline,outside_in,baseline,12346,1,1014,1194,0,25.56111111111111,90
exp1_baseline,steffen,baseline,12346,1,643,1326,0,12.727777777777778,55
exp1_baseline,random,baseline,12347,2,1393,1117,91,33.18888888888889,112
exp1_baseline,back_to_front,baseline,12347,2,1648,1825,87,80.6,193
exp1_baseline,outside_in,baseline,12347,2,1173,1089,0,26.8,78
exp1_baseline,steffen,baseline,12347,2,741,1540,0,14.244444444444444,46
exp1_baseline,random,baseline,12348,3,1303,1001,100,33.955555555555556,137
exp1_baseline,back_to_front,baseline,12348,3,1636,1736,115,84.27777777777777,243
exp1_baseline,outside_in,baseline,12348,3,1032,1171,0,26.522222222222222,74
exp1_baseline,steffen,baseline,12348,3,696,1364,0,13.577777777777778,74
exp1_baseline,random,baseline,12349,4,1381,936,77,32.477777777777774,126
exp1_baseline,back_to_front,baseline,12349,4,1697,1754,94,86.21666666666667,239
exp1_baseline,outside_in,baseline,12349,4,1144,1052,0,25.466666666666665,91
exp1_baseline,steffen,baseline,12349,4,756,1353,0,12.88888888888889,47
exp1_baseline,random,baseline,12350,5,1219,1006,87,32.022222222222226,106
exp1_baseline,back_to_front,baseline,12350,5,1810,1770,83,99.22222222222223,279
exp1_baseline,outside_in,baseline,12350,5,1087,1099,0,27.055555555555557,90
exp1_baseline,steffen,baseline,12350,5,699,1344,0,12.927777777777777,45
exp1_baseline,random,baseline,12351,6,1260,1004,96,33.12222222222222,104
exp1_baseline,back_to_front,baseline,12351,6,1624,1747,79,90.63888888888889,219
exp1_baseline,outside_in,baseline,12351,6,1117,892,0,23.761111111111113,85
exp1_baseline,steffen,baseline,12351,6,664,1126,0,11.222222222222221,48
exp1_baseline,random,baseline,12352,7,1287,1072,85,32.3,98
exp1_baseline,back_to_front,baseline,12352,7,1625,1703,83,87.57777777777778,242
exp1_baseline,outside_in,baseline,12352,7,1113,1006,0,25.822222222222223,91
exp1_baseline,steffen,baseline,12352,7,674,1241,0,11.927777777777777,53
exp1_baseline,random,baseline,12353,8,1222,1055,96,32.955555555555556,122
exp1_baseline,back_to_front,baseline,12353,8,1574,1806,86,84.07777777777778,217
exp1_baseline,outside_in,baseline,12353,8,998,1076,0,26.966666666666665,87
exp1_baseline,steffen,baseline,12353,8,661,1442,0,13.088888888888889,56
exp1_baseline,random,baseline,12354,9,1210,1046,86,33.983333333333334,104
exp1_baseline,back_to_front,baseline,12354,9,1600,1718,87,87.9888888888889,218
exp1_baseline,outside_in,baseline,12354,9,990,1062,0,28.383333333333333,88
exp1_baseline,steffen,baseline,12354,9,663,1242,0,12.13888888888889,50
exp1_baseline,random,baseline,12355,10,1229,965,88,29.31111111111111,102
exp1_baseline,back_to_front,baseline,12355,10,1425,1693,81,73.31111111111112,208
exp1_baseline,outside_in,baseline,12355,10,1058,1133,0,26.13888888888889,71
exp1_baseline,steffen,baseline,12355,10,655,1379,0,12.455555555555556,54
exp1_baseline,random,baseline,12356,11,1224,1138,91,33.40555555555556,93
exp1_baseline,back_to_front,baseline,12356,11,1466,1785,86,71.26666666666667,157
exp1_baseline,outside_in,baseline,12356,11,1057,1037,0,25.95,74
exp1_baseline,steffen,baseline,12356,11,674,1431,0,13.377777777777778,48
exp1_baseline,random,baseline,12357,12,1215,1013,75,30.444444444444443,114
exp1_baseline,back_to_front,baseline,12357,12,1636,1751,77,91.60555555555555,261
exp1_baseline,outside_in,baseline,12357,12,1058,1033,0,27.0,126
exp1_baseline,steffen,baseline,12357,12,685,1009,0,11.133333333333333,52
exp1_baseline,random,baseline,12358,13,1145,1109,82,31.305555555555557,95
exp1_baseline,back_to_front,baseline,12358,13,1551,1683,89,82.7611111111111,225
exp1_baseline,outside_in,baseline,12358,13,1018,1125,0,25.261111111111113,69
exp1_baseline,steffen,baseline,12358,13,653,1273,0,11.9,56
exp1_baseline,random,baseline,12359,14,1221,1107,94,34.65,136
exp1_baseline,back_to_front,baseline,12359,14,1598,1888,83,85.53333333333333,220
exp1_baseline,outside_in,baseline,12359,14,1008,1171,0,23.583333333333332,69
exp1_baseline,steffen,baseline,12359,14,699,1394,0,13.533333333333333,52
exp1_baseline,random,baseline,12360,15,1192,1096,87,32.85,141
exp1_baseline,back_to_front,baseline,12360,15,1535,1833,102,85.3,249
exp1_baseline,outside_in,baseline,12360,15,998,1062,0,24.272222222222222,83
exp1_baseline,steffen,baseline,12360,15,640,1336,0,12.444444444444445,51
exp1_baseline,random,baseline,12361,16,1353,1211,82,40.21111111111111,114
exp1_baseline,back_to_front,baseline,12361,16,1576,1783,95,85.6,201
exp1_baseline,outside_in,baseline,12361,16,1061,1091,0,26.961111111111112,96
exp1_baseline,steffen,baseline,12361,16,682,1237,0,12.383333333333333,57
exp1_baseline,random,baseline,12362,17,1256,1082,80,34.73888888888889,103
exp1_baseline,back_to_front,baseline,12362,17,1596,1830,102,93.29444444444445,251
exp1_baseline,outside_in,baseline,12362,17,1041,1103,0,25.994444444444444,83
exp1_baseline,steffen,baseline,12362,17,662,1344,0,13.161111111111111,47
exp1_baseline,random,baseline,12363,18,1159,1057,83,28.866666666666667,82
exp1_baseline,back_to_front,baseline,12363,18,1521,1582,98,83.4888888888889,251
exp1_baseline,outside_in,baseline,12363,18,1044,998,0,24.105555555555554,83
exp1_baseline,steffen,baseline,12363,18,669,1038,0,10.7,48
exp1_baseline,random,baseline,12364,19,1176,1137,89,32.63333333333333,129
exp1_baseline,back_to_front,baseline,12364,19,1603,1653,89,84.05555555555556,200
exp1_baseline,outside_in,baseline,12364,19,1069,1027,0,24.41111111111111,95
exp1_baseline,steffen,baseline,12364,19,704,1124,0,10.555555555555555,62
exp1_baseline,random,baseline,12365,20,1176,1098,102,34.94444444444444,113
exp1_baseline,back_to_front,baseline,12365,20,1612,1839,82,87.77777777777777,207
exp1_baseline,outside_in,baseline,12365,20,1133,1023,0,31.17222222222222,113
exp1_baseline,steffen,baseline,12365,20,664,1281,0,12.8,44
exp1_baseline,random,baseline,12366,21,1183,1010,78,30.72222222222222,118
exp1_baseline,back_to_front,baseline,12366,21,1630,1697,84,88.7388888888889,218
exp1_baseline,outside_in,baseline,12366,21,1033,975,0,25.966666666666665,95
exp1_baseline,steffen,baseline,12366,21,693,1130,0,11.88888888888889,49
exp1_baseline,random,baseline,12367,22,1303,996,88,32.2,86
exp1_baseline,back_to_front,baseline,12367,22,1560,1832,94,79.97222222222223,237
exp1_baseline,outside_in,baseline,12367,22,1143,979,0,26.205555555555556,77
exp1_baseline,steffen,baseline,12367,22,686,1396,0,13.327777777777778,50
exp1_baseline,random,baseline,12368,23,1313,1161,93,38.522222222222226,101
exp1_baseline,back_to_front,baseline,12368,23,1566,1730,76,87.61666666666666,253
exp1_baseline,outside_in,baseline,12368,23,991,970,0,22.283333333333335,67
exp1_baseline,steffen,baseline,12368,23,664,1332,0,13.688888888888888,53
exp1_baseline,random,baseline,12369,24,1237,1204,100,33.76111111111111,135
exp1_baseline,back_to_front,baseline,12369,24,1675,1882,89,97.6,250
exp1_baseline,outside_in,baseline,12369,24,1080,989,0,27.35,98
exp1_baseline,steffen,baseline,12369,24,717,1329,0,13.905555555555555,84
exp1_baseline,random,baseline,12370,25,1240,1108,81,29.488888888888887,139
exp1_baseline,back_to_front,baseline,12370,25,1605,1716,86,77.39444444444445,185
exp1_baseline,outside_in,baseline,12370,25,1070,923,0,22.505555555555556,65
exp1_baseline,steffen,baseline,12370,25,711,1171,0,12.655555555555555,90
exp1_baseline,random,baseline,12371,26,1239,1072,89,29.377777777777776,104
exp1_baseline,back_to_front,baseline,12371,26,1538,1710,84,76.07777777777778,211
exp1_baseline,outside_in,baseline,12371,26,1026,1021,0,22.52777777777778,98
exp1_baseline,steffen,baseline,12371,26,702,1241,0,11.633333333333333,64
exp1_baseline,random,baseline,12372,27,1355,1035,85,33.327777777777776,122
exp1_baseline,back_to_front,baseline,12372,27,1689,1795,97,95.55,233
exp1_baseline,outside_in,baseline,12372,27,1081,1103,0,27.68888888888889,106
exp1_baseline,steffen,baseline,12372,27,680,1381,0,12.955555555555556,52
exp1_baseline,random,baseline,12373,28,1177,1073,91,33.24444444444445,118
exp1_baseline,back_to_front,baseline,12373,28,1521,1786,82,76.81666666666666,197
exp1_baseline,outside_in,baseline,12373,28,1016,1100,0,23.933333333333334,77
exp1_baseline,steffen,baseline,12373,28,683,1309,0,12.144444444444444,50
exp1_baseline,random,baseline,12374,29,1206,1045,81,33.227777777777774,103
exp1_baseline,back_to_front,baseline,12374,29,1560,1779,88,80.07777777777778,188
exp1_baseline,outside_in,baseline,12374,29,1020,923,0,21.988888888888887,61
exp1_baseline,steffen,baseline,12374,29,679,1192,0,11.188888888888888,48
exp1_baseline,random,baseline,12375,30,1226,1033,101,30.88888888888889,93
exp1_baseline,back_to_front,baseline,12375,30,1556,1724,98,80.30555555555556,205
exp1_baseline,outside_in,baseline,12375,30,1069,1095,0,25.483333333333334,87
exp1_baseline,steffen,baseline,12375,30,690,1441,0,14.03888888888889,58
exp1_baseline,random,baseline,12376,31,1314,1087,89,37.6,121
exp1_baseline,back_to_front,baseline,12376,31,1617,1714,86,84.68888888888888,203
exp1_baseline,outside_in,baseline,12376,31,1025,1139,0,27.505555555555556,90
exp1_baseline,steffen,baseline,12376,31,717,1239,0,13.355555555555556,76
exp1_baseline,random,baseline,12377,32,1256,1068,79,33.105555555555554,105
exp1_baseline,back_to_front,baseline,12377,32,1742,1809,88,96.39444444444445,253
exp1_baseline,outside_in,baseline,12377,32,1032,1059,0,23.794444444444444,83
exp1_baseline,steffen,baseline,12377,32,697,1373,0,13.811111111111112,62
exp1_baseline,random,baseline,12378,33,1198,1075,95,32.18333333333333,103
exp1_baseline,back_to_front,baseline,12378,33,1629,1784,97,92.46111111111111,218
exp1_baseline,outside_in,baseline,12378,33,940,1073,0,25.416666666666668,89
exp1_baseline,steffen,baseline,12378,33,664,1259,0,12.555555555555555,70
exp1_baseline,random,baseline,12379,34,1151,1070,82,28.427777777777777,120
exp1_baseline,back_to_front,baseline,12379,34,1547,1791,89,86.11111111111111,221
exp1_baseline,outside_in,baseline,12379,34,1054,1037,0,23.88888888888889,79
exp1_baseline,steffen,baseline,12379,34,686,1269,0,12.372222222222222,51
exp1_baseline,random,baseline,12380,35,1124,1002,79,27.72222222222222,104
exp1_baseline,back_to_front,baseline,12380,35,1527,1766,88,76.68333333333334,180
exp1_baseline,outside_in,baseline,12380,35,1013,1156,0,25.877777777777776,89
exp1_baseline,steffen,baseline,12380,35,704,1366,0,12.822222222222223,47
exp1_baseline,random,baseline,12381,36,1201,1156,83,36.422222222222224,125
exp1_baseline,back_to_front,baseline,12381,36,1619,1782,87,87.83333333333333,207
exp1_baseline,outside_in,baseline,12381,36,1062,1096,0,24.07777777777778,69
exp1_baseline,steffen,baseline,12381,36,668,1461,0,13.433333333333334,54
exp1_baseline,random,baseline,12382,37,1300,1023,96,38.98888888888889,128
exp1_baseline,back_to_front,baseline,12382,37,1687,1628,100,93.49444444444444,260
exp1_baseline,outside_in,baseline,12382,37,1079,978,0,22.822222222222223,74
exp1_baseline,steffen,baseline,12382,37,716,1110,0,12.25,102
exp1_baseline,random,baseline,12383,38,1157,1165,89,33.733333333333334,113
exp1_baseline,back_to_front,baseline,12383,38,1629,1675,96,83.31111111111112,178
exp1_baseline,outside_in,baseline,12383,38,1017,1045,0,23.88888888888889,74
exp1_baseline,steffen,baseline,12383,38,678,1399,0,12.766666666666667,58
exp1_baseline,random,baseline,12384,39,1211,974,102,28.405555555555555,101
exp1_baseline,back_to_front,baseline,12384,39,1593,1669,93,80.04444444444445,206
exp1_baseline,outside_in,baseline,12384,39,1029,1023,0,22.644444444444446,86
exp1_baseline,steffen,baseline,12384,39,696,1289,0,12.594444444444445,51
exp1_baseline,random,baseline,12385,40,1204,1127,90,29.516666666666666,93
exp1_baseline,back_to_front,baseline,12385,40,1501,1749,93,81.77222222222223,261
exp1_baseline,outside_in,baseline,12385,40,1026,1055,0,26.761111111111113,94
exp1_baseline,steffen,baseline,12385,40,687,1410,0,13.488888888888889,45
exp1_baseline,random,baseline,12386,41,1198,1054,95,29.227777777777778,99
exp1_baseline,back_to_front,baseline,12386,41,1500,1829,74,77.9888888888889,213
exp1_baseline,outside_in,baseline,12386,41,985,990,0,22.238888888888887,107
exp1_baseline,steffen,baseline,12386,41,705,1341,0,12.5,59
exp1_baseline,random,baseline,12387,42,1231,1001,90,28.75,97
exp1_baseline,back_to_front,baseline,12387,42,1639,1601,96,85.32222222222222,209
exp1_baseline,outside_in,baseline,12387,42,970,952,0,21.77777777777778,80
exp1_baseline,steffen,baseline,12387,42,674,1060,0,11.161111111111111,45
exp1_baseline,random,baseline,12388,43,1226,1037,90,28.56111111111111,102
exp1_baseline,back_to_front,baseline,12388,43,1604,1773,99,77.43888888888888,187
exp1_baseline,outside_in,baseline,12388,43,1131,1007,0,26.594444444444445,84
exp1_baseline,steffen,baseline,12388,43,707,1431,0,13.083333333333334,50
exp1_baseline,random,baseline,12389,44,1230,1036,97,31.927777777777777,114
exp1_baseline,back_to_front,baseline,12389,44,1517,1738,80,78.79444444444445,211
exp1_baseline,outside_in,baseline,12389,44,1082,1049,0,25.405555555555555,71
exp1_baseline,steffen,baseline,12389,44,700,1144,0,11.405555555555555,45
exp1_baseline,random,baseline,12390,45,1239,1003,92,29.155555555555555,97
exp1_baseline,back_to_front,baseline,12390,45,1541,1651,96,78.43333333333334,218
exp1_baseline,outside_in,baseline,12390,45,1062,1007,0,22.755555555555556,71
exp1_baseline,steffen,baseline,12390,45,716,1213,0,11.583333333333334,46
exp1_baseline,random,baseline,12391,46,1306,1042,91,33.394444444444446,95
exp1_baseline,back_to_front,baseline,12391,46,1701,1731,92,85.6,185
exp1_baseline,outside_in,baseline,12391,46,1116,1041,0,25.694444444444443,67
exp1_baseline,steffen,baseline,12391,46,708,1270,0,13.333333333333334,48
exp1_baseline,random,baseline,12392,47,1319,1081,90,36.144444444444446,125
exp1_baseline,back_to_front,baseline,12392,47,1604,1720,85,82.25,216
exp1_baseline,outside_in,baseline,12392,47,1090,964,0,24.58888888888889,87
exp1_baseline,steffen,baseline,12392,47,699,1013,0,10.405555555555555,42
exp1_baseline,random,baseline,12393,48,1296,1181,101,32.83888888888889,91
exp1_baseline,back_to_front,baseline,12393,48,1679,1676,105,85.81666666666666,230
exp1_baseline,outside_in,baseline,12393,48,1133,959,0,23.166666666666668,79
exp1_baseline,steffen,baseline,12393,48,702,1259,0,12.133333333333333,50
exp1_baseline,random,baseline,12394,49,1205,1027,85,33.17777777777778,98
exp1_baseline,back_to_front,baseline,12394,49,1658,1697,79,79.58888888888889,213
exp1_baseline,outside_in,baseline,12394,49,1037,1022,0,26.372222222222224,83
exp1_baseline,steffen,baseline,12394,49,702,1144,0,10.994444444444444,42
exp1_baseline,random,baseline,12395,50,1135,1164,90,30.82777777777778,110
exp1_baseline,back_to_front,baseline,12395,50,1513,1603,93,81.05555555555556,259
exp1_baseline,outside_in,baseline,12395,50,978,954,0,21.05,85
exp1_baseline,steffen,baseline,12395,50,668,1203,0,11.827777777777778,45
exp1_baseline,random,baseline,12396,51,1291,1068,97,38.172222222222224,122
exp1_baseline,back_to_front,baseline,12396,51,1606,1801,90,86.86666666666666,226
exp1_baseline,outside_in,baseline,12396,51,1050,1031,0,21.616666666666667,75
exp1_baseline,steffen,baseline,12396,51,713,1159,0,12.011111111111111,46
exp1_baseline,random,baseline,12397,52,1166,1182,90,31.916666666666668,109
exp1_baseline,back_to_front,baseline,12397,52,1462,1607,91,76.82222222222222,208
exp1_baseline,outside_in,baseline,12397,52,996,992,0,20.983333333333334,87
exp1_baseline,steffen,baseline,12397,52,696,1202,0,11.166666666666666,47
exp1_baseline,random,baseline,12398,53,1182,1069,79,29.555555555555557,131
exp1_baseline,back_to_front,baseline,12398,53,1548,1704,97,80.90555555555555,234
exp1_baseline,outside_in,baseline,12398,53,1000,1117,0,21.927777777777777,72
exp1_baseline,steffen,baseline,12398,53,704,1288,0,11.555555555555555,49
exp1_baseline,random,baseline,12399,54,1325,1028,98,34.03888888888889,103
exp1_baseline,back_to_front,baseline,12399,54,1666,1640,90,87.82222222222222,243
exp1_baseline,outside_in,baseline,12399,54,1103,1090,0,26.41111111111111,88
exp1_baseline,steffen,baseline,12399,54,703,1095,0,11.772222222222222,74
exp1_baseline,random,baseline,12400,55,1252,1110,88,35.98888888888889,109
exp1_baseline,back_to_front,baseline,12400,55,1459,1721,89,80.78888888888889,246
exp1_baseline,outside_in,baseline,12400,55,965,1107,0,22.983333333333334,85
exp1_baseline,steffen,baseline,12400,55,661,1420,0,12.75,43
exp1_baseline,random,baseline,12401,56,1228,1192,85,37.98888888888889,104
exp1_baseline,back_to_front,baseline,12401,56,1562,1797,93,88.77222222222223,249
exp1_baseline,outside_in,baseline,12401,56,968,1035,0,25.58888888888889,70
exp1_baseline,steffen,baseline,12401,56,679,1188,0,12.472222222222221,48
exp1_baseline,random,baseline,12402,57,1279,1014,104,38.31666666666667,107
exp1_baseline,back_to_front,baseline,12402,57,1564,1775,90,77.68333333333334,195
exp1_baseline,outside_in,baseline,12402,57,1072,1004,0,26.22222222222222,108
exp1_baseline,steffen,baseline,12402,57,708,1147,0,12.066666666666666,64
exp1_baseline,random,baseline,12403,58,1354,1087,84,36.7,123
exp1_baseline,back_to_front,baseline,12403,58,1574,1781,85,78.14444444444445,188
exp1_baseline,outside_in,baseline,12403,58,1055,850,0,23.322222222222223,71
exp1_baseline,steffen,baseline,12403,58,713,982,0,10.911111111111111,46
exp1_baseline,random,baseline,12404,59,1273,1036,85,31.844444444444445,105
exp1_baseline,back_to_front,baseline,12404,59,1691,1845,84,85.17222222222222,212
exp1_baseline,outside_in,baseline,12404,59,1143,916,0,23.283333333333335,80
exp1_baseline,steffen,baseline,12404,59,732,1192,0,12.016666666666667,54
exp1_baseline,random,baseline,12405,60,1325,1068,98,37.67777777777778,144
exp1_baseline,back_to_front,baseline,12405,60,1656,1662,98,85.80555555555556,220
exp1_baseline,outside_in,baseline,12405,60,1073,1047,0,26.72222222222222,75
exp1_baseline,steffen,baseline,12405,60,701,1286,0,12.622222222222222,52
exp1_baseline,random,baseline,12406,61,1199,1156,96,31.738888888888887,104
exp1_baseline,back_to_front,baseline,12406,61,1745,1809,87,97.62777777777778,244
exp1_baseline,outside_in,baseline,12406,61,1051,1046,0,24.68888888888889,117
exp1_baseline,steffen,baseline,12406,61,676,1320,0,12.438888888888888,52
exp1_baseline,random,baseline,12407,62,1185,1011,88,29.877777777777776,107
exp1_baseline,back_to_front,baseline,12407,62,1612,1797,93,85.6,241
exp1_baseline,outside_in,baseline,12407,62,1015,949,0,20.47222222222222,88
exp1_baseline,steffen,baseline,12407,62,687,1239,0,12.022222222222222,52
exp1_baseline,random,baseline,12408,63,1250,1017,93,32.3,89
exp1_baseline,back_to_front,baseline,12408,63,1675,1718,96,87.58888888888889,234
exp1_baseline,outside_in,baseline,12408,63,1154,1070,0,26.86111111111111,96
exp1_baseline,steffen,baseline,12408,63,727,1348,0,13.616666666666667,61
exp1_baseline,random,baseline,12409,64,1342,1043,95,32.41111111111111,118
exp1_baseline,back_to_front,baseline,12409,64,1599,1856,97,94.48333333333333,252
exp1_baseline,outside_in,baseline,12409,64,1073,1047,0,24.355555555555554,82
exp1_baseline,steffen,baseline,12409,64,679,1287,0,12.055555555555555,63
exp1_baseline,random,baseline,12410,65,1245,1144,91,32.727777777777774,95
exp1_baseline,back_to_front,baseline,12410,65,1596,1825,97,91.33333333333333,212
exp1_baseline,outside_in,baseline,12410,65,1036,1141,0,26.16111111111111,90
exp1_baseline,steffen,baseline,12410,65,698,1335,0,12.316666666666666,49
exp1_baseline,random,baseline,12411,66,1321,1069,96,36.82222222222222,141
exp1_baseline,back_to_front,baseline,12411,66,1698,1618,96,90.35,242
exp1_baseline,outside_in,baseline,12411,66,1056,1042,0,27.02777777777778,93
exp1_baseline,steffen,baseline,12411,66,707,1007,0,11.527777777777779,77
exp1_baseline,random,baseline,12412,67,1247,1107,78,38.205555555555556,119
exp1_baseline,back_to_front,baseline,12412,67,1706,1832,98,91.65,220
exp1_baseline,outside_in,baseline,12412,67,1068,1047,0,24.283333333333335,97
exp1_baseline,steffen,baseline,12412,67,695,1305,0,11.938888888888888,46
exp1_baseline,random,baseline,12413,68,1257,1041,107,32.93888888888889,126
exp1_baseline,back_to_front,baseline,12413,68,1667,1678,83,90.47777777777777,240
exp1_baseline,outside_in,baseline,12413,68,992,1014,0,25.072222222222223,80
exp1_baseline,steffen,baseline,12413,68,684,1154,0,12.444444444444445,45
exp1_baseline,random,baseline,12414,69,1321,1172,86,37.31666666666667,117
exp1_baseline,back_to_front,baseline,12414,69,1617,1723,85,83.80555555555556,220
exp1_baseline,outside_in,baseline,12414,69,1103,1014,0,24.283333333333335,120
exp1_baseline,steffen,baseline,12414,69,688,1258,0,12.694444444444445,54
exp1_baseline,random,baseline,12415,70,1173,1105,90,29.766666666666666,94
exp1_baseline,back_to_front,baseline,12415,70,1570,1875,88,87.62222222222222,203
exp1_baseline,outside_in,baseline,12415,70,1075,1028,0,26.883333333333333,95
exp1_baseline,steffen,baseline,12415,70,713,1470,0,13.444444444444445,59
exp1_baseline,random,baseline,12416,71,1219,1022,81,29.288888888888888,124
exp1_baseline,back_to_front,baseline,12416,71,1607,1818,92,86.41666666666667,199
exp1_baseline,outside_in,baseline,12416,71,1071,1012,0,25.677777777777777,74
exp1_baseline,steffen,baseline,12416,71,713,1434,0,13.9,55
exp1_baseline,random,baseline,12417,72,1246,989,85,32.30555555555556,104
exp1_baseline,back_to_front,baseline,12417,72,1581,1663,93,79.7,200
exp1_baseline,outside_in,baseline,12417,72,1138,987,0,24.02777777777778,86
exp1_baseline,steffen,baseline,12417,72,692,1148,0,11.944444444444445,45
exp1_baseline,random,baseline,12418,73,1259,1133,89,37.49444444444445,170
exp1_baseline,back_to_front,baseline,12418,73,1574,1763,93,91.36111111111111,243
exp1_baseline,outside_in,baseline,12418,73,1017,1065,0,27.288888888888888,95
exp1_baseline,steffen,baseline,12418,73,659,1109,0,11.355555555555556,47
exp1_baseline,random,baseline,12419,74,1249,1163,92,36.34444444444444,109
exp1_baseline,back_to_front,baseline,12419,74,1495,1692,80,72.08333333333333,200
exp1_baseline,outside_in,baseline,12419,74,1046,1001,0,21.216666666666665,89
exp1_baseline,steffen,baseline,12419,74,693,1278,0,12.3,65
exp1_baseline,random,baseline,12420,75,1211,1104,93,29.82777777777778,105
exp1_baseline,back_to_front,baseline,12420,75,1664,1704,89,88.73333333333333,240
exp1_baseline,outside_in,baseline,12420,75,1045,1068,0,23.805555555555557,74
exp1_baseline,steffen,baseline,12420,75,711,1351,0,12.866666666666667,49
exp1_baseline,random,baseline,12421,76,1238,1079,98,37.327777777777776,128
exp1_baseline,back_to_front,baseline,12421,76,1493,1778,86,85.71666666666667,207
exp1_baseline,outside_in,baseline,12421,76,1020,1157,0,27.022222222222222,81
exp1_baseline,steffen,baseline,12421,76,675,1326,0,13.2,45
exp1_baseline,random,baseline,12422,77,1301,1253,87,37.955555555555556,119
exp1_baseline,back_to_front,baseline,12422,77,1606,1936,79,88.04444444444445,210
exp1_baseline,outside_in,baseline,12422,77,1020,1138,0,25.605555555555554,81
exp1_baseline,steffen,baseline,12422,77,700,1309,0,13.511111111111111,58
exp1_baseline,random,baseline,12423,78,1267,1139,99,37.86666666666667,156
exp1_baseline,back_to_front,baseline,12423,78,1765,1688,89,101.72222222222223,300
exp1_baseline,outside_in,baseline,12423,78,1086,1178,0,27.35,80
exp1_baseline,steffen,baseline,12423,78,689,1268,0,13.177777777777777,60
exp1_baseline,random,baseline,12424,79,1219,1015,87,28.25,99
exp1_baseline,back_to_front,baseline,12424,79,1547,1564,91,75.08888888888889,202
exp1_baseline,outside_in,baseline,12424,79,1009,948,0,21.461111111111112,72
exp1_baseline,steffen,baseline,12424,79,704,1118,0,11.177777777777777,56
exp1_baseline,random,baseline,12425,80,1226,1043,97,32.077777777777776,109
exp1_baseline,back_to_front,baseline,12425,80,1552,1771,95,90.58888888888889,289
exp1_baseline,outside_in,baseline,12425,80,1095,938,0,25.47222222222222,109
exp1_baseline,steffen,baseline,12425,80,678,1170,0,11.838888888888889,52
exp1_baseline,random,baseline,12426,81,1278,1069,97,37.233333333333334,179
exp1_baseline,back_to_front,baseline,12426,81,1528,1765,77,76.82777777777778,174
exp1_baseline,outside_in,baseline,12426,81,1006,1137,0,25.155555555555555,85
exp1_baseline,steffen,baseline,12426,81,662,1391,0,12.261111111111111,45
exp1_baseline,random,baseline,12427,82,1256,1048,81,31.466666666666665,102
exp1_baseline,back_to_front,baseline,12427,82,1670,1768,91,99.65555555555555,245
exp1_baseline,outside_in,baseline,12427,82,1040,1037,0,27.86111111111111,121
exp1_baseline,steffen,baseline,12427,82,659,1239,0,12.372222222222222,54
exp1_baseline,random,baseline,12428,83,1240,1134,80,37.13333333333333,116
exp1_baseline,back_to_front,baseline,12428,83,1614,1790,93,88.84444444444445,195
exp1_baseline,outside_in,baseline,12428,83,1091,1005,0,25.68888888888889,74
exp1_baseline,steffen,baseline,12428,83,693,1285,0,12.783333333333333,47
exp1_baseline,random,baseline,12429,84,1339,1073,87,37.19444444444444,147
exp1_baseline,back_to_front,baseline,12429,84,1788,1758,96,93.78888888888889,213
exp1_baseline,outside_in,baseline,12429,84,1148,1106,0,26.766666666666666,82
exp1_baseline,steffen,baseline,12429,84,720,1285,0,12.844444444444445,64
exp1_baseline,random,baseline,12430,85,1264,1068,103,34.72222222222222,145
exp1_baseline,back_to_front,baseline,12430,85,1654,1623,87,85.94444444444444,195
exp1_baseline,outside_in,baseline,12430,85,1056,1009,0,25.855555555555554,80
exp1_baseline,steffen,baseline,12430,85,683,1192,0,11.277777777777779,46
exp1_baseline,random,baseline,12431,86,1362,1197,97,35.93333333333333,116
exp1_baseline,back_to_front,baseline,12431,86,1489,1725,84,80.87222222222222,219
exp1_baseline,outside_in,baseline,12431,86,1068,937,0,24.711111111111112,99
exp1_baseline,steffen,baseline,12431,86,666,1420,0,13.78888888888889,54
exp1_baseline,random,baseline,12432,87,1208,1069,95,28.038888888888888,97
exp1_baseline,back_to_front,baseline,12432,87,1602,1853,92,89.78333333333333,239
exp1_baseline,outside_in,baseline,12432,87,1027,948,0,22.383333333333333,81
exp1_baseline,steffen,baseline,12432,87,686,1130,0,10.705555555555556,44
exp1_baseline,random,baseline,12433,88,1268,1083,90,33.644444444444446,103
exp1_baseline,back_to_front,baseline,12433,88,1569,1763,83,82.36111111111111,209
exp1_baseline,outside_in,baseline,12433,88,992,948,0,23.794444444444444,87
exp1_baseline,steffen,baseline,12433,88,675,1118,0,11.277777777777779,46
exp1_baseline,random,baseline,12434,89,1185,1109,92,31.916666666666668,121
exp1_baseline,back_to_front,baseline,12434,89,1428,1729,84,77.04444444444445,197
exp1_baseline,outside_in,baseline,12434,89,1019,986,0,25.094444444444445,76
exp1_baseline,steffen,baseline,12434,89,663,1314,0,12.316666666666666,56
exp1_baseline,random,baseline,12435,90,1269,1038,100,38.86666666666667,128
exp1_baseline,back_to_front,baseline,12435,90,1662,1900,87,91.45,211
exp1_baseline,outside_in,baseline,12435,90,1113,1190,0,33.93888888888889,117
exp1_baseline,steffen,baseline,12435,90,718,1045,0,12.072222222222223,72
exp1_baseline,random,baseline,12436,91,1154,1160,101,34.46666666666667,133
exp1_baseline,back_to_front,baseline,12436,91,1688,1765,85,99.69444444444444,264
exp1_baseline,outside_in,baseline,12436,91,1004,982,0,23.494444444444444,81
exp1_baseline,steffen,baseline,12436,91,658,975,0,10.272222222222222,40
exp1_baseline,random,baseline,12437,92,1232,1117,93,37.95,108
exp1_baseline,back_to_front,baseline,12437,92,1607,1793,93,87.81111111111112,217
exp1_baseline,outside_in,baseline,12437,92,1054,1132,0,31.444444444444443,136
exp1_baseline,steffen,baseline,12437,92,681,1263,0,13.28888888888889,50
exp1_baseline,random,baseline,12438,93,1129,1098,94,31.33888888888889,132
exp1_baseline,back_to_front,baseline,12438,93,1670,1823,87,90.91666666666667,239
exp1_baseline,outside_in,baseline,12438,93,1037,1141,0,26.07777777777778,74
exp1_baseline,steffen,baseline,12438,93,698,1357,0,13.061111111111112,49
exp1_baseline,random,baseline,12439,94,1194,936,92,29.82777777777778,96
exp1_baseline,back_to_front,baseline,12439,94,1544,1764,89,86.03333333333333,232
exp1_baseline,outside_in,baseline,12439,94,1045,1165,0,27.216666666666665,93
exp1_baseline,steffen,baseline,12439,94,664,1201,0,11.644444444444444,46
exp1_baseline,random,baseline,12440,95,1291,1095,89,37.7,157
exp1_baseline,back_to_front,baseline,12440,95,1544,1780,93,88.31111111111112,245
exp1_baseline,outside_in,baseline,12440,95,1064,1046,0,30.011111111111113,95
exp1_baseline,steffen,baseline,12440,95,645,1249,0,12.53888888888889,44
exp1_baseline,random,baseline,12441,96,1319,1083,90,34.21666666666667,111
exp1_baseline,back_to_front,baseline,12441,96,1489,1673,88,75.09444444444445,177
exp1_baseline,outside_in,baseline,12441,96,1057,1092,0,25.144444444444446,84
exp1_baseline,steffen,baseline,12441,96,691,1257,0,12.28888888888889,52
exp1_baseline,random,baseline,12442,97,1275,1130,93,34.58888888888889,111
exp1_baseline,back_to_front,baseline,12442,97,1669,1804,93,90.58888888888889,203
exp1_baseline,outside_in,baseline,12442,97,1126,1095,0,32.605555555555554,106
exp1_baseline,steffen,baseline,12442,97,714,1359,0,14.527777777777779,59
exp1_baseline,random,baseline,12443,98,1277,1188,85,38.65,128
exp1_baseline,back_to_front,baseline,12443,98,1633,1804,87,86.91111111111111,214
exp1_baseline,outside_in,baseline,12443,98,1070,1080,0,29.627777777777776,100
exp1_baseline,steffen,baseline,12443,98,678,1331,0,13.377777777777778,56
exp1_baseline,random,baseline,12444,99,1159,1067,84,30.961111111111112,107
exp1_baseline,back_to_front,baseline,12444,99,1511,1753,93,80.68888888888888,211
exp1_baseline,outside_in,baseline,12444,99,1045,976,0,23.177777777777777,71
exp1_baseline,steffen,baseline,12444,99,694,1221,0,11.588888888888889,64
exp1_baseline,random,baseline,12445,100,1160,926,91,32.40555555555556,94
exp1_baseline,back_to_front,baseline,12445,100,1550,1694,85,85.71111111111111,221
exp1_baseline,outside_in,baseline,12445,100,983,968,0,20.72222222222222,72
exp1_baseline,steffen,baseline,12445,100,665,1075,0,10.688888888888888,47
exp1_baseline,random,baseline,12446,101,1172,1036,97,32.81666666666667,155
exp1_baseline,back_to_front,baseline,12446,101,1541,1822,99,87.77222222222223,219
exp1_baseline,outside_in,baseline,12446,101,1051,1109,0,27.305555555555557,89
exp1_baseline,steffen,baseline,12446,101,692,1243,0,13.033333333333333,53
exp1_baseline,random,baseline,12447,102,1291,1003,99,29.366666666666667,98
exp1_baseline,back_to_front,baseline,12447,102,1596,1793,87,84.67222222222222,247
exp1_baseline,outside_in,baseline,12447,102,1123,1087,0,24.788888888888888,95
exp1_baseline,steffen,baseline,12447,102,735,1400,0,12.822222222222223,52
exp1_baseline,random,baseline,12448,103,1249,1024,88,33.56111111111111,112
exp1_baseline,back_to_front,baseline,12448,103,1531,1795,75,83.33888888888889,223
exp1_baseline,outside_in,baseline,12448,103,1093,1110,0,27.5,96
exp1_baseline,steffen,baseline,12448,103,670,1385,0,12.794444444444444,43
exp1_baseline,random,baseline,12449,104,1269,1136,96,33.205555555555556,122
exp1_baseline,back_to_front,baseline,12449,104,1424,1682,83,65.97777777777777,151
exp1_baseline,outside_in,baseline,12449,104,1070,1032,0,25.122222222222224,90
exp1_baseline,steffen,baseline,12449,104,689,1202,0,12.311111111111112,43
exp1_baseline,random,baseline,12450,105,1241,1059,100,30.38888888888889,121
exp1_baseline,back_to_front,baseline,12450,105,1536,1667,86,74.11666666666666,203
exp1_baseline,outside_in,baseline,12450,105,1051,1107,0,24.572222222222223,87
exp1_baseline,steffen,baseline,12450,105,660,1252,0,11.21111111111111,43
exp1_baseline,random,baseline,12451,106,1243,1030,103,35.97222222222222,137
exp1_baseline,back_to_front,baseline,12451,106,1757,1803,83,95.58888888888889,214
exp1_baseline,outside_in,baseline,12451,106,1144,1046,0,28.377777777777776,102
exp1_baseline,steffen,baseline,12451,106,710,1092,0,11.283333333333333,56
exp1_baseline,random,baseline,12452,107,1155,1133,69,30.883333333333333,91
exp1_baseline,back_to_front,baseline,12452,107,1670,1873,93,92.37222222222222,229
exp1_baseline,outside_in,baseline,12452,107,1079,1067,0,23.916666666666668,92
exp1_baseline,steffen,baseline,12452,107,704,1289,0,12.444444444444445,50
exp1_baseline,random,baseline,12453,108,1275,1018,95,31.02777777777778,114
exp1_baseline,back_to_front,baseline,12453,108,1612,1676,90,85.03333333333333,221
exp1_baseline,outside_in,baseline,12453,108,1028,1063,0,22.67222222222222,69
exp1_baseline,steffen,baseline,12453,108,702,1109,0,11.222222222222221,45
exp1_baseline,random,baseline,12454,109,1316,1088,81,33.111111111111114,106
exp1_baseline,back_to_front,baseline,12454,109,1859,1768,87,103.47222222222223,231
exp1_baseline,outside_in,baseline,12454,109,1158,1042,0,26.216666666666665,74
exp1_baseline,steffen,baseline,12454,109,717,1258,0,13.75,72
exp1_baseline,random,baseline,12455,110,1331,1131,107,37.861111111111114,112
exp1_baseline,back_to_front,baseline,12455,110,1693,1843,91,94.9888888888889,268
exp1_baseline,outside_in,baseline,12455,110,1043,961,0,25.36111111111111,64
exp1_baseline,steffen,baseline,12455,110,693,1384,0,12.883333333333333,45
exp1_baseline,random,baseline,12456,111,1214,1000,99,29.13888888888889,88
exp1_baseline,back_to_front,baseline,12456,111,1637,1755,88,90.08888888888889,244
exp1_baseline,outside_in,baseline,12456,111,1028,1078,0,24.36111111111111,84
exp1_baseline,steffen,baseline,12456,111,698,1274,0,11.872222222222222,52
exp1_baseline,random,baseline,12457,112,1256,1085,98,32.31666666666667,94
exp1_baseline,back_to_front,baseline,12457,112,1565,1683,92,81.8,223
exp1_baseline,outside_in,baseline,12457,112,1081,1022,0,25.211111111111112,72
exp1_baseline,steffen,baseline,12457,112,706,1183,0,12.144444444444444,54
exp1_baseline,random,baseline,12458,113,1249,1103,90,38.78888888888889,120
exp1_baseline,back_to_front,baseline,12458,113,1513,1760,81,75.60555555555555,183
exp1_baseline,outside_in,baseline,12458,113,1025,1092,0,25.488888888888887,90
exp1_baseline,steffen,baseline,12458,113,719,1346,0,12.316666666666666,42
exp1_baseline,random,baseline,12459,114,1217,972,83,34.94444444444444,127
exp1_baseline,back_to_front,baseline,12459,114,1606,1721,94,85.42222222222222,210
exp1_baseline,outside_in,baseline,12459,114,1064,1056,0,28.58888888888889,98
exp1_baseline,steffen,baseline,12459,114,663,1223,0,11.738888888888889,46
exp1_baseline,random,baseline,12460,115,1304,1165,88,33.644444444444446,94
exp1_baseline,back_to_front,baseline,12460,115,1613,1779,92,95.44444444444444,293
exp1_baseline,outside_in,baseline,12460,115,1013,984,0,22.744444444444444,66
exp1_baseline,steffen,baseline,12460,115,673,1211,0,12.144444444444444,47
exp1_baseline,random,baseline,12461,116,1102,1028,70,26.16111111111111,82
exp1_baseline,back_to_front,baseline,12461,116,1442,1740,71,74.25555555555556,180
exp1_baseline,outside_in,baseline,12461,116,990,983,0,20.594444444444445,75
exp1_baseline,steffen,baseline,12461,116,652,1301,0,12.144444444444444,46
exp1_baseline,random,baseline,12462,117,1222,1149,89,33.85,115
exp1_baseline,back_to_front,baseline,12462,117,1618,1817,105,86.02777777777777,221
exp1_baseline,outside_in,baseline,12462,117,1084,1067,0,25.766666666666666,101
exp1_baseline,steffen,baseline,12462,117,676,1296,0,11.9,54
exp1_baseline,random,baseline,12463,118,1186,1132,85,31.83888888888889,99
exp1_baseline,back_to_front,baseline,12463,118,1559,1837,94,85.21111111111111,214
exp1_baseline,outside_in,baseline,12463,118,1019,1069,0,23.522222222222222,82
exp1_baseline,steffen,baseline,12463,118,698,1297,0,13.533333333333333,52
exp1_baseline,random,baseline,12464,119,1220,1064,89,33.56111111111111,152
exp1_baseline,back_to_front,baseline,12464,119,1752,1736,101,91.92222222222222,214
exp1_baseline,outside_in,baseline,12464,119,1002,1087,0,22.377777777777776,73
exp1_baseline,steffen,baseline,12464,119,702,1245,0,12.15,44
exp1_baseline,random,baseline,12465,120,1160,986,94,29.7,107
exp1_baseline,back_to_front,baseline,12465,120,1519,1747,87,77.92777777777778,261
exp1_baseline,outside_in,baseline,12465,120,1071,1013,0,21.655555555555555,106
exp1_baseline,steffen,baseline,12465,120,686,1238,0,11.855555555555556,41
exp1_baseline,random,baseline,12466,121,1180,1114,70,31.805555555555557,96
exp1_baseline,back_to_front,baseline,12466,121,1499,1669,96,80.88888888888889,215
exp1_baseline,outside_in,baseline,12466,121,1049,985,0,25.08888888888889,96
exp1_baseline,steffen,baseline,12466,121,656,1303,0,12.688888888888888,50
exp1_baseline,random,baseline,12467,122,1295,1185,98,37.37777777777778,118
exp1_baseline,back_to_front,baseline,12467,122,1611,1845,85,88.01666666666667,234
exp1_baseline,outside_in,baseline,12467,122,1011,1085,0,23.733333333333334,68
exp1_baseline,steffen,baseline,12467,122,682,1278,0,12.466666666666667,54
exp1_baseline,random,baseline,12468,123,1280,1014,98,29.405555555555555,98
exp1_baseline,back_to_front,baseline,12468,123,1522,1715,86,78.61111111111111,255
exp1_baseline,outside_in,baseline,12468,123,1051,984,0,22.772222222222222,82
exp1_baseline,steffen,baseline,12468,123,692,1449,0,13.877777777777778,52
exp1_baseline,random,baseline,12469,124,1286,1125,98,35.583333333333336,113
exp1_baseline,back_to_front,baseline,12469,124,1612,1870,83,96.47222222222223,259
exp1_baseline,outside_in,baseline,12469,124,1061,1029,0,26.177777777777777,111
exp1_baseline,steffen,baseline,12469,124,680,1149,0,11.472222222222221,49
exp1_baseline,random,baseline,12470,125,1104,1013,86,30.544444444444444,102
exp1_baseline,back_to_front,baseline,12470,125,1519,1622,78,76.2611111111111,201
exp1_baseline,outside_in,baseline,12470,125,977,1016,0,20.433333333333334,83
exp1_baseline,steffen,baseline,12470,125,673,1118,0,11.272222222222222,46
exp1_baseline,random,baseline,12471,126,1397,1084,87,38.03333333333333,119
exp1_baseline,back_to_front,baseline,12471,126,1581,1709,98,82.26666666666667,222
exp1_baseline,outside_in,baseline,12471,126,1121,901,0,24.91111111111111,79
exp1_baseline,steffen,baseline,12471,126,723,1221,0,13.338888888888889,59
exp1_baseline,random,baseline,12472,127,1240,1152,87,31.288888888888888,102
exp1_baseline,back_to_front,baseline,12472,127,1616,1774,100,86.30555555555556,234
exp1_baseline,outside_in,baseline,12472,127,1086,1035,0,24.405555555555555,77
exp1_baseline,steffen,baseline,12472,127,711,1311,0,12.78888888888889,63
exp1_baseline,random,baseline,12473,128,1255,1127,89,39.294444444444444,130
exp1_baseline,back_to_front,baseline,12473,128,1687,1757,89,92.67777777777778,255
exp1_baseline,outside_in,baseline,12473,128,1100,914,0,24.07777777777778,86
exp1_baseline,steffen,baseline,12473,128,678,1368,0,13.216666666666667,57
exp1_baseline,random,baseline,12474,129,1111,999,82,29.538888888888888,98
exp1_baseline,back_to_front,baseline,12474,129,1474,1760,89,79.36111111111111,198
exp1_baseline,outside_in,baseline,12474,129,980,1024,0,24.75,67
exp1_baseline,steffen,baseline,12474,129,634,1361,0,12.683333333333334,45
exp1_baseline,random,baseline,12475,130,1296,1108,98,37.12222222222222,131
exp1_baseline,back_to_front,baseline,12475,130,1580,1823,94,85.62222222222222,194
exp1_baseline,outside_in,baseline,12475,130,1059,1037,0,27.855555555555554,89
exp1_baseline,steffen,baseline,12475,130,689,1148,0,12.072222222222223,52
exp1_baseline,random,baseline,12476,131,1350,1076,84,37.18333333333333,163
exp1_baseline,back_to_front,baseline,12476,131,1640,1737,102,86.1,231
exp1_baseline,outside_in,baseline,12476,131,1146,1005,0,28.238888888888887,90
exp1_baseline,steffen,baseline,12476,131,687,921,0,10.188888888888888,43
exp1_baseline,random,baseline,12477,132,1281,1099,96,36.477777777777774,105
exp1_baseline,back_to_front,baseline,12477,132,1575,1740,92,85.2611111111111,219
exp1_baseline,outside_in,baseline,12477,132,1081,1076,0,30.866666666666667,115
exp1_baseline,steffen,baseline,12477,132,675,1145,0,11.244444444444444,49
exp1_baseline,random,baseline,12478,133,1185,1079,88,30.944444444444443,115
exp1_baseline,back_to_front,baseline,12478,133,1528,1723,87,84.84444444444445,242
exp1_baseline,outside_in,baseline,12478,133,1040,959,0,24.622222222222224,86
exp1_baseline,steffen,baseline,12478,133,681,1271,0,12.133333333333333,48
exp1_baseline,random,baseline,12479,134,1246,991,86,29.15,98
exp1_baseline,back_to_front,baseline,12479,134,1500,1780,91,73.08333333333333,203
exp1_baseline,outside_in,baseline,12479,134,1101,1122,0,26.083333333333332,70
exp1_baseline,steffen,baseline,12479,134,713,1404,0,14.005555555555556,60
exp1_baseline,random,baseline,12480,135,1239,1055,82,35.73888888888889,116
exp1_baseline,back_to_front,baseline,12480,135,1547,1741,94,83.37777777777778,213
exp1_baseline,outside_in,baseline,12480,135,1022,1039,0,22.31111111111111,91
exp1_baseline,steffen,baseline,12480,135,675,1215,0,11.28888888888889,50
exp1_baseline,random,baseline,12481,136,1348,996,87,42.95,131
exp1_baseline,back_to_front,baseline,12481,136,1719,1667,86,89.20555555555555,241
exp1_baseline,outside_in,baseline,12481,136,1105,1055,0,26.616666666666667,83
exp1_baseline,steffen,baseline,12481,136,710,1242,0,12.544444444444444,48
exp1_baseline,random,baseline,12482,137,1206,865,95,27.77777777777778,82
exp1_baseline,back_to_front,baseline,12482,137,1672,1923,94,93.76666666666667,299
exp1_baseline,outside_in,baseline,12482,137,1047,1048,0,23.511111111111113,102
exp1_baseline,steffen,baseline,12482,137,692,1435,0,13.516666666666667,70
exp1_baseline,random,baseline,12483,138,1303,1185,103,37.81111111111111,135
exp1_baseline,back_to_front,baseline,12483,138,1541,1774,87,76.76666666666667,204
exp1_baseline,outside_in,baseline,12483,138,1075,880,0,23.33888888888889,75
exp1_baseline,steffen,baseline,12483,138,667,1122,0,11.194444444444445,41
exp1_baseline,random,baseline,12484,139,1232,998,88,26.533333333333335,85
exp1_baseline,back_to_front,baseline,12484,139,1534,1583,99,78.52777777777777,232
exp1_baseline,outside_in,baseline,12484,139,1118,1037,0,24.47222222222222,72
exp1_baseline,steffen,baseline,12484,139,670,1236,0,12.277777777777779,49
exp1_baseline,random,baseline,12485,140,1193,1116,85,34.22222222222222,98
exp1_baseline,back_to_front,baseline,12485,140,1466,1694,89,79.20555555555555,244
exp1_baseline,outside_in,baseline,12485,140,1044,999,0,24.82777777777778,86
exp1_baseline,steffen,baseline,12485,140,658,1206,0,12.2,63
exp1_baseline,random,baseline,12486,141,1208,1106,98,32.955555555555556,108
exp1_baseline,back_to_front,baseline,12486,141,1635,1777,91,83.86111111111111,232
exp1_baseline,outside_in,baseline,12486,141,1042,1129,0,26.583333333333332,83
exp1_baseline,steffen,baseline,12486,141,672,1283,0,12.955555555555556,62
exp1_baseline,random,baseline,12487,142,1240,1013,80,30.016666666666666,114
exp1_baseline,back_to_front,baseline,12487,142,1513,1823,95,73.82222222222222,179
exp1_baseline,outside_in,baseline,12487,142,1014,1061,0,21.2,72
exp1_baseline,steffen,baseline,12487,142,710,1237,0,11.666666666666666,41
exp1_baseline,random,baseline,12488,143,1179,1058,84,33.93333333333333,133
exp1_baseline,back_to_front,baseline,12488,143,1675,1846,95,95.20555555555555,266
exp1_baseline,outside_in,baseline,12488,143,1071,1130,0,28.65,91
exp1_baseline,steffen,baseline,12488,143,683,1388,0,13.15,63
exp1_baseline,random,baseline,12489,144,1206,1195,82,37.62777777777778,139
exp1_baseline,back_to_front,baseline,12489,144,1608,1853,86,92.93888888888888,259
exp1_baseline,outside_in,baseline,12489,144,972,1086,0,22.86111111111111,73
exp1_baseline,steffen,baseline,12489,144,688,1260,0,12.355555555555556,51
exp1_baseline,random,baseline,12490,145,1174,1111,84,31.9,81
exp1_baseline,back_to_front,baseline,12490,145,1616,1777,91,87.61666666666666,179
exp1_baseline,outside_in,baseline,12490,145,1026,1077,0,28.966666666666665,85
exp1_baseline,steffen,baseline,12490,145,659,1163,0,11.427777777777777,46
exp1_baseline,random,baseline,12491,146,1346,1111,88,35.55,125
exp1_baseline,back_to_front,baseline,12491,146,1535,1695,92,74.28333333333333,189
exp1_baseline,outside_in,baseline,12491,146,1035,937,0,21.511111111111113,63
exp1_baseline,steffen,baseline,12491,146,698,1221,0,12.96111111111111,49
exp1_baseline,random,baseline,12492,147,1183,1189,94,35.21666666666667,106
exp1_baseline,back_to_front,baseline,12492,147,1513,1788,89,80.70555555555555,195
exp1_baseline,outside_in,baseline,12492,147,987,1094,0,24.822222222222223,88
exp1_baseline,steffen,baseline,12492,147,690,1327,0,13.25,60
exp1_baseline,random,baseline,12493,148,1230,1054,97,35.63333333333333,117
exp1_baseline,back_to_front,baseline,12493,148,1556,1700,93,77.2388888888889,223
exp1_baseline,outside_in,baseline,12493,148,1040,1109,0,26.466666666666665,91
exp1_baseline,steffen,baseline,12493,148,677,1307,0,12.027777777777779,45
exp1_baseline,random,baseline,12494,149,1210,1086,98,33.31666666666667,111
exp1_baseline,back_to_front,baseline,12494,149,1502,1844,83,83.33333333333333,265
exp1_baseline,outside_in,baseline,12494,149,980,1072,0,23.455555555555556,74
exp1_baseline,steffen,baseline,12494,149,677,1254,0,12.033333333333333,48
exp1_baseline,random,baseline,12495,150,1244,1127,105,32.56666666666667,92
exp1_baseline,back_to_front,baseline,12495,150,1643,1771,88,89.14444444444445,218
exp1_baseline,outside_in,baseline,12495,150,1069,1096,0,28.616666666666667,94
exp1_baseline,steffen,baseline,12495,150,662,1343,0,12.283333333333333,42
exp1_baseline,random,baseline,12496,151,1221,1193,96,34.66111111111111,105
exp1_baseline,back_to_front,baseline,12496,151,1508,1730,90,82.1,199
exp1_baseline,outside_in,baseline,12496,151,1001,1135,0,25.033333333333335,77
exp1_baseline,steffen,baseline,12496,151,664,1334,0,12.53888888888889,52
exp1_baseline,random,baseline,12497,152,1220,1086,89,28.783333333333335,87
exp1_baseline,back_to_front,baseline,12497,152,1535,1725,93,75.71666666666667,175
exp1_baseline,outside_in,baseline,12497,152,1058,994,0,22.316666666666666,62
exp1_baseline,steffen,baseline,12497,152,694,1437,0,13.205555555555556,46
exp1_baseline,random,baseline,12498,153,1188,1034,96,30.36111111111111,105
exp1_baseline,back_to_front,baseline,12498,153,1476,1826,88,80.18888888888888,250
exp1_baseline,outside_in,baseline,12498,153,1021,1110,0,27.82777777777778,110
exp1_baseline,steffen,baseline,12498,153,644,1376,0,12.933333333333334,53
exp1_baseline,random,baseline,12499,154,1314,1162,91,34.12222222222222,124
exp1_baseline,back_to_front,baseline,12499,154,1584,1784,86,82.18888888888888,202
exp1_baseline,outside_in,baseline,12499,154,1099,1154,0,27.38888888888889,85
exp1_baseline,steffen,baseline,12499,154,722,1322,0,14.327777777777778,66
exp1_baseline,random,baseline,12500,155,1213,1112,91,32.62222222222222,94
exp1_baseline,back_to_front,baseline,12500,155,1536,1703,87,80.25,215
exp1_baseline,outside_in,baseline,12500,155,987,1061,0,22.894444444444446,79
exp1_baseline,steffen,baseline,12500,155,680,1191,0,12.005555555555556,54
exp1_baseline,random,baseline,12501,156,1234,1001,82,30.788888888888888,117
exp1_baseline,back_to_front,baseline,12501,156,1803,1770,89,110.3,274
exp1_baseline,outside_in,baseline,12501,156,1041,1078,0,31.08888888888889,100
exp1_baseline,steffen,baseline,12501,156,659,1256,0,12.372222222222222,57
exp1_baseline,random,baseline,12502,157,1217,968,101,30.194444444444443,104
exp1_baseline,back_to_front,baseline,12502,157,1585,1776,87,86.07777777777778,280
exp1_baseline,outside_in,baseline,12502,157,1008,1101,0,24.711111111111112,84
exp1_baseline,steffen,baseline,12502,157,673,1150,0,11.366666666666667,38
exp1_baseline,random,baseline,12503,158,1272,968,98,30.5,102
exp1_baseline,back_to_front,baseline,12503,158,1578,1825,84,80.22777777777777,202
exp1_baseline,outside_in,baseline,12503,158,1090,1084,0,25.788888888888888,111
exp1_baseline,steffen,baseline,12503,158,720,1262,0,12.405555555555555,46
exp1_baseline,random,baseline,12504,159,1236,1107,72,31.144444444444446,132
exp1_baseline,back_to_front,baseline,12504,159,1712,1785,113,101.04444444444445,316
exp1_baseline,outside_in,baseline,12504,159,1053,985,0,24.155555555555555,86
exp1_baseline,steffen,baseline,12504,159,672,1183,0,11.994444444444444,75
exp1_baseline,random,baseline,12505,160,1238,1087,89,30.633333333333333,101
exp1_baseline,back_to_front,baseline,12505,160,1674,1812,105,88.85555555555555,192
exp1_baseline,outside_in,baseline,12505,160,1082,1046,0,22.238888888888887,75
exp1_baseline,steffen,baseline,12505,160,691,1345,0,13.2,54
exp1_baseline,random,baseline,12506,161,1238,1065,90,30.216666666666665,91
exp1_baseline,back_to_front,baseline,12506,161,1648,1770,98,94.75555555555556,239
exp1_baseline,outside_in,baseline,12506,161,1012,1201,0,26.08888888888889,89
exp1_baseline,steffen,baseline,12506,161,681,1321,0,12.427777777777777,69
exp1_baseline,random,baseline,12507,162,1228,1082,95,30.13888888888889,108
exp1_baseline,back_to_front,baseline,12507,162,1577,1812,93,81.06111111111112,206
exp1_baseline,outside_in,baseline,12507,162,1142,963,0,24.35,86
exp1_baseline,steffen,baseline,12507,162,702,1303,0,12.688888888888888,51
exp1_baseline,random,baseline,12508,163,1157,1093,80,29.8,102
exp1_baseline,back_to_front,baseline,12508,163,1602,1908,86,92.96111111111111,232
exp1_baseline,outside_in,baseline,12508,163,1022,1068,0,22.38888888888889,84
exp1_baseline,steffen,baseline,12508,163,652,1502,0,12.944444444444445,47
exp1_baseline,random,baseline,12509,164,1242,1090,81,33.50555555555555,98
exp1_baseline,back_to_front,baseline,12509,164,1562,1768,90,87.72777777777777,218
exp1_baseline,outside_in,baseline,12509,164,1005,1188,0,28.02777777777778,99
exp1_baseline,steffen,baseline,12509,164,699,1136,0,11.355555555555556,51
exp1_baseline,random,baseline,12510,165,1287,1225,97,33.67777777777778,120
exp1_baseline,back_to_front,baseline,12510,165,1773,1876,86,95.92222222222222,228
exp1_baseline,outside_in,baseline,12510,165,1084,1048,0,29.5,106
exp1_baseline,steffen,baseline,12510,165,716,1430,0,14.033333333333333,48
exp1_baseline,random,baseline,12511,166,1307,1075,97,37.83888888888889,113
exp1_baseline,back_to_front,baseline,12511,166,1520,1744,85,76.38333333333334,195
exp1_baseline,outside_in,baseline,12511,166,1108,1247,0,30.05,108
exp1_baseline,steffen,baseline,12511,166,699,1180,0,12.055555555555555,45
exp1_baseline,random,baseline,12512,167,1201,1034,102,29.033333333333335,95
exp1_baseline,back_to_front,baseline,12512,167,1649,1706,93,85.84444444444445,201
exp1_baseline,outside_in,baseline,12512,167,1108,904,0,24.094444444444445,72
exp1_baseline,steffen,baseline,12512,167,692,1125,0,11.205555555555556,48
exp1_baseline,random,baseline,12513,168,1212,971,89,25.22222222222222,99
exp1_baseline,back_to_front,baseline,12513,168,1513,1675,84,80.95,228
exp1_baseline,outside_in,baseline,12513,168,999,1092,0,25.15,85
exp1_baseline,steffen,baseline,12513,168,688,1292,0,12.694444444444445,60
exp1_baseline,random,baseline,12514,169,1309,1062,84,35.105555555555554,133
exp1_baseline,back_to_front,baseline,12514,169,1593,1720,98,83.68333333333334,259
exp1_baseline,outside_in,baseline,12514,169,1046,1125,0,26.67222222222222,89
exp1_baseline,steffen,baseline,12514,169,712,1297,0,13.022222222222222,54
exp1_baseline,random,baseline,12515,170,1095,1101,93,31.372222222222224,105
exp1_baseline,back_to_front,baseline,12515,170,1535,1871,83,87.71666666666667,241
exp1_baseline,outside_in,baseline,12515,170,966,1127,0,25.572222222222223,75
exp1_baseline,steffen,baseline,12515,170,650,1142,0,11.277777777777779,57
exp1_baseline,random,baseline,12516,171,1125,1009,77,26.683333333333334,80
exp1_baseline,back_to_front,baseline,12516,171,1545,1666,92,85.14444444444445,218
exp1_baseline,outside_in,baseline,12516,171,926,984,0,18.927777777777777,63
exp1_baseline,steffen,baseline,12516,171,674,1117,0,10.85,52
exp1_baseline,random,baseline,12517,172,1272,1007,98,32.333333333333336,126
exp1_baseline,back_to_front,baseline,12517,172,1557,1807,72,81.13333333333334,210
exp1_baseline,outside_in,baseline,12517,172,1024,999,0,21.47222222222222,78
exp1_baseline,steffen,baseline,12517,172,677,1205,0,11.28888888888889,48
exp1_baseline,random,baseline,12518,173,1285,1090,85,35.56666666666667,132
exp1_baseline,back_to_front,baseline,12518,173,1536,1829,72,81.4888888888889,189
exp1_baseline,outside_in,baseline,12518,173,1047,1086,0,28.238888888888887,80
exp1_baseline,steffen,baseline,12518,173,674,1205,0,12.15,47
exp1_baseline,random,baseline,12519,174,1223,1003,84,30.06111111111111,91
exp1_baseline,back_to_front,baseline,12519,174,1654,1854,107,93.31666666666666,226
exp1_baseline,outside_in,baseline,12519,174,1010,958,0,25.2,86
exp1_baseline,steffen,baseline,12519,174,680,1263,0,12.155555555555555,56
exp1_baseline,random,baseline,12520,175,1106,1061,78,29.377777777777776,84
exp1_baseline,back_to_front,baseline,12520,175,1600,1690,90,87.02777777777777,240
exp1_baseline,outside_in,baseline,12520,175,963,1204,0,26.272222222222222,103
exp1_baseline,steffen,baseline,12520,175,674,1189,0,11.0,45
exp1_baseline,random,baseline,12521,176,1292,1055,89,32.82222222222222,106
exp1_baseline,back_to_front,baseline,12521,176,1712,1707,99,92.13888888888889,253
exp1_baseline,outside_in,baseline,12521,176,1197,938,0,23.805555555555557,83
exp1_baseline,steffen,baseline,12521,176,720,1024,0,11.71111111111111,53
exp1_baseline,random,baseline,12522,177,1236,1208,93,33.35,116
exp1_baseline,back_to_front,baseline,12522,177,1414,1685,80,68.42222222222222,143
exp1_baseline,outside_in,baseline,12522,177,1029,987,0,24.42222222222222,90
exp1_baseline,steffen,baseline,12522,177,666,1280,0,11.822222222222223,48
exp1_baseline,random,baseline,12523,178,1317,989,92,35.45,95
exp1_baseline,back_to_front,baseline,12523,178,1519,1681,91,78.1,182
exp1_baseline,outside_in,baseline,12523,178,1048,1054,0,28.033333333333335,95
exp1_baseline,steffen,baseline,12523,178,678,1166,0,11.344444444444445,57
exp1_baseline,random,baseline,12524,179,1229,1059,83,34.45,123
exp1_baseline,back_to_front,baseline,12524,179,1668,1613,85,82.14444444444445,211
exp1_baseline,outside_in,baseline,12524,179,988,1146,0,25.41111111111111,86
exp1_baseline,steffen,baseline,12524,179,684,1355,0,13.166666666666666,47
exp1_baseline,random,baseline,12525,180,1264,1066,100,33.977777777777774,116
exp1_baseline,back_to_front,baseline,12525,180,1528,1791,80,84.58888888888889,237
exp1_baseline,outside_in,baseline,12525,180,1013,1082,0,22.127777777777776,81
exp1_baseline,steffen,baseline,12525,180,709,1227,0,11.133333333333333,43
exp1_baseline,random,baseline,12526,181,1154,1092,88,30.833333333333332,85
exp1_baseline,back_to_front,baseline,12526,181,1570,1809,87,82.30555555555556,260
exp1_baseline,outside_in,baseline,12526,181,1024,999,0,21.61111111111111,69
exp1_baseline,steffen,baseline,12526,181,698,1388,0,13.205555555555556,56
exp1_baseline,random,baseline,12527,182,1227,1028,104,30.494444444444444,130
exp1_baseline,back_to_front,baseline,12527,182,1563,1600,84,90.75,238
exp1_baseline,outside_in,baseline,12527,182,956,1130,0,27.272222222222222,89
exp1_baseline,steffen,baseline,12527,182,666,1249,0,11.938888888888888,43
exp1_baseline,random,baseline,12528,183,1242,938,89,32.55555555555556,97
exp1_baseline,back_to_front,baseline,12528,183,1685,1812,95,96.49444444444444,285
exp1_baseline,outside_in,baseline,12528,183,1111,1038,0,26.93888888888889,106
exp1_baseline,steffen,baseline,12528,183,664,1401,0,13.172222222222222,67
exp1_baseline,random,baseline,12529,184,1211,1123,86,33.97222222222222,107
exp1_baseline,back_to_front,baseline,12529,184,1689,1744,106,91.81666666666666,214
exp1_baseline,outside_in,baseline,12529,184,1091,1049,0,25.055555555555557,104
exp1_baseline,steffen,baseline,12529,184,690,1263,0,12.177777777777777,43
exp1_baseline,random,baseline,12530,185,1161,1066,92,29.816666666666666,109
exp1_baseline,back_to_front,baseline,12530,185,1510,1745,74,77.94444444444444,195
exp1_baseline,outside_in,baseline,12530,185,1036,1000,0,22.933333333333334,66
exp1_baseline,steffen,baseline,12530,185,703,1327,0,12.672222222222222,57
exp1_baseline,random,baseline,12531,186,1226,912,89,26.22222222222222,93
exp1_baseline,back_to_front,baseline,12531,186,1641,1799,92,84.80555555555556,268
exp1_baseline,outside_in,baseline,12531,186,1045,1048,0,26.13888888888889,84
exp1_baseline,steffen,baseline,12531,186,689,1307,0,12.372222222222222,68
exp1_baseline,random,baseline,12532,187,1315,1079,104,33.87777777777778,108
exp1_baseline,back_to_front,baseline,12532,187,1562,1664,87,78.97222222222223,214
exp1_baseline,outside_in,baseline,12532,187,990,995,0,20.116666666666667,64
exp1_baseline,steffen,baseline,12532,187,685,1262,0,12.244444444444444,46
exp1_baseline,random,baseline,12533,188,1302,1112,89,38.34444444444444,110
exp1_baseline,back_to_front,baseline,12533,188,1704,1763,96,93.18333333333334,221
exp1_baseline,outside_in,baseline,12533,188,1084,1061,0,26.866666666666667,82
exp1_baseline,steffen,baseline,12533,188,749,1405,0,13.727777777777778,66
exp1_baseline,random,baseline,12534,189,1260,1118,87,31.266666666666666,96
exp1_baseline,back_to_front,baseline,12534,189,1531,1725,88,83.57222222222222,219
exp1_baseline,outside_in,baseline,12534,189,1036,995,0,24.65,79
exp1_baseline,steffen,baseline,12534,189,673,1327,0,13.13888888888889,49
exp1_baseline,random,baseline,12535,190,1187,976,89,25.377777777777776,78
exp1_baseline,back_to_front,baseline,12535,190,1623,1855,94,84.81111111111112,225
exp1_baseline,outside_in,baseline,12535,190,963,977,0,19.55,69
exp1_baseline,steffen,baseline,12535,190,672,1185,0,11.338888888888889,43
exp1_baseline,random,baseline,12536,191,1300,1071,91,31.81111111111111,132
exp1_baseline,back_to_front,baseline,12536,191,1692,1703,84,87.15,222
exp1_baseline,outside_in,baseline,12536,191,1099,952,0,21.3,75
exp1_baseline,steffen,baseline,12536,191,707,1227,0,12.322222222222223,47
exp1_baseline,random,baseline,12537,192,1135,1000,89,30.377777777777776,92
exp1_baseline,back_to_front,baseline,12537,192,1602,1782,88,89.64444444444445,250
exp1_baseline,outside_in,baseline,12537,192,1013,1018,0,22.8,77
exp1_baseline,steffen,baseline,12537,192,664,1237,0,11.744444444444444,48
exp1_baseline,random,baseline,12538,193,1156,1110,85,33.21666666666667,102
exp1_baseline,back_to_front,baseline,12538,193,1342,1637,84,64.58333333333333,171
exp1_baseline,outside_in,baseline,12538,193,1085,1152,0,32.40555555555556,95
exp1_baseline,steffen,baseline,12538,193,654,1245,0,12.744444444444444,65
exp1_baseline,random,baseline,12539,194,1276,1129,90,35.8,114
exp1_baseline,back_to_front,baseline,12539,194,1574,1860,90,86.32777777777778,227
exp1_baseline,outside_in,baseline,12539,194,1088,1121,0,27.683333333333334,71
exp1_baseline,steffen,baseline,12539,194,701,1491,0,15.033333333333333,51
exp1_baseline,random,baseline,12540,195,1131,1214,88,35.583333333333336,126
exp1_baseline,back_to_front,baseline,12540,195,1563,1850,85,88.96111111111111,227
exp1_baseline,outside_in,baseline,12540,195,1042,1120,0,30.383333333333333,87
exp1_baseline,steffen,baseline,12540,195,653,1566,0,14.966666666666667,57
exp1_baseline,random,baseline,12541,196,1261,1159,89,36.06666666666667,111
exp1_baseline,back_to_front,baseline,12541,196,1525,1724,85,73.4,178
exp1_baseline,outside_in,baseline,12541,196,1045,1043,0,26.33888888888889,71
exp1_baseline,steffen,baseline,12541,196,680,1362,0,12.877777777777778,55
exp1_baseline,random,baseline,12542,197,1211,1205,78,39.605555555555554,156
exp1_baseline,back_to_front,baseline,12542,197,1699,1834,93,98.84444444444445,233
exp1_baseline,outside_in,baseline,12542,197,1046,1107,0,29.966666666666665,92
exp1_baseline,steffen,baseline,12542,197,672,1529,0,14.516666666666667,55
exp1_baseline,random,baseline,12543,198,1275,1068,77,30.7,100
exp1_baseline,back_to_front,baseline,12543,198,1586,1884,91,89.26666666666667,240
exp1_baseline,outside_in,baseline,12543,198,1036,1131,0,26.4,68
exp1_baseline,steffen,baseline,12543,198,676,1498,0,13.877777777777778,47
exp1_baseline,random,baseline,12544,199,1224,1067,105,34.483333333333334,115
exp1_baseline,back_to_front,baseline,12544,199,1611,1791,84,91.7,233
exp1_baseline,outside_in,baseline,12544,199,1043,926,0,23.344444444444445,79
exp1_baseline,steffen,baseline,12544,199,683,1257,0,12.161111111111111,47
